{
    "model_name": "PhenoGrass",
    "parameters": {
        "b1": 124.502121,
        "b2": 0.00227958267,
        "b3": 0.0755224228,
        "b4": 0.519348383,
        "Phmax": 37.2918091,
        "Phmin": 8.14994431,
        "Topt": 33.3597641,
        "L": 2.4991734,
        "h": 222.205673
    }
}